PRS;Custom 24;2006 PRS Custom 24 20th Artist Brazilian;14690;https://www.olx.pl/d/oferta/2006-prs-custom-24-20th-artist-brazilian-CID751-IDHpDvJ.html#844c0ddafe
PRS;Custom 24;PRS SE Custom 24 Black Cherry 2012 Korea piękny!;2840;https://www.olx.pl/d/oferta/prs-se-custom-24-black-cherry-2012-korea-piekny-CID751-IDKHp6u.html#844c0ddafe
PRS;Custom 24;PRS SE Custom 24 Scarlet Red 2017;2900;https://www.olx.pl/d/oferta/prs-se-custom-24-scarlet-red-2017-CID751-IDLmojA.html#844c0ddafe
PRS;Custom 24;Gitara leworęczna PRS SE CUSTOM 24 (dla leworęcznych). 3 Lata Gw.;3499;https://www.olx.pl/d/oferta/gitara-leworeczna-prs-se-custom-24-dla-leworecznych-3-lata-gw-CID751-IDHM8I3.html#844c0ddafe
PRS;Custom 24;2013 PRS SE Custom 24 MTS 60th Ann. Korea;3299;https://www.olx.pl/d/oferta/2013-prs-se-custom-24-mts-60th-ann-korea-CID751-IDLMjdK.html#844c0ddafe
PRS;Custom 24;PRS Lutniczy Custom 24 ( KOZZA MACEJ);2800;https://www.olx.pl/d/oferta/prs-lutniczy-custom-24-kozza-macej-CID751-IDJ8kvW.html#844c0ddafe
PRS;Custom 24;1990 Paul Reed Smith Custom 24 Brazilian 10 Top Gold H PRS CU24 10T;15390;https://www.olx.pl/d/oferta/1990-paul-reed-smith-custom-24-brazilian-10-top-gold-h-prs-cu24-10t-CID751-IDyYD3Z.html#844c0ddafe
PRS;Custom 22;PRS Custom 22 USA 2003;6999;https://www.olx.pl/d/oferta/prs-custom-22-usa-2003-CID751-IDLmo1q.html#d08633e72f
PRS;Custom 22;PRS Custom 22 2008 Tortoise shell flame;9900;https://www.olx.pl/d/oferta/prs-custom-22-2008-tortoise-shell-flame-CID751-IDLlEYu.html#d08633e72f
PRS;McCarty;PRS McCarty Hollowbody Spruce 2006 rok USA prezentacja wideo;12500;https://www.olx.pl/d/oferta/prs-mccarty-hollowbody-spruce-2006-rok-usa-prezentacja-wideo-CID751-IDLZcRW.html#d3784fbbb8
PRS;McCarty;PRS McCarty Amber Indian Rosewood Neck + futerał PRS (G&G);15999;https://www.olx.pl/d/oferta/prs-mccarty-amber-indian-rosewood-neck-futeral-prs-g-g-CID751-IDKKXFm.html#d3784fbbb8
PRS;McCarty;PRS McCarty Experience Wood Library 10-Top;17900;https://www.olx.pl/d/oferta/prs-mccarty-experience-wood-library-10-top-CID751-IDDP8La.html#d3784fbbb8
Fender;American Standard;Fender Jazz Bass V american standard 1997;5000;https://www.olx.pl/d/oferta/fender-jazz-bass-v-american-standard-1997-CID751-IDJ4e1b.html#30a188265f
Fender;American Standard;Fender American Standard Stratocaster Limited Edition Surf Green 2008;5999;https://www.olx.pl/d/oferta/fender-american-standard-stratocaster-limited-edition-surf-green-2008-CID751-IDFY7jR.html#30a188265f
Fender;American Standard;FENDER AMERICAN STANDARD Telecaster 2012 Texas Special futerał;5499;https://www.olx.pl/d/oferta/fender-american-standard-telecaster-2012-texas-special-futeral-CID751-IDLoLgc.html#30a188265f
Fender;American Standard;Fender American Standard Tuners;149;https://www.olx.pl/d/oferta/fender-american-standard-tuners-CID751-IDCYKIq.html#30a188265f
Fender;American Standard;Oryginalne klucze Fender American Standard długi lub krótki trzpień;180;https://www.olx.pl/d/oferta/oryginalne-klucze-fender-american-standard-dlugi-lub-krotki-trzpien-CID751-IDBfen1.html#30a188265f
Fender;American Standard;SPRZEDANY ## Fender American Standard 89r gitara leworęczna;5450;https://www.olx.pl/d/oferta/sprzedany-fender-american-standard-89r-gitara-leworeczna-CID751-IDJXc5l.html#30a188265f
Fender;American Standard;Klucze Fender American Standard klucze chromowane lewe na 2 trzpienie;130;https://www.olx.pl/d/oferta/klucze-fender-american-standard-klucze-chromowane-lewe-na-2-trzpienie-CID751-IDKFcRX.html#30a188265f
Fender;American Standard;Fender Telecaster American Standard 1995;6000;https://www.olx.pl/d/oferta/fender-telecaster-american-standard-1995-CID751-IDLSDTB.html#30a188265f
Fender;American Standard;Fender American Standard Statocaster 2006;5800;https://www.olx.pl/d/oferta/fender-american-standard-statocaster-2006-CID751-IDLQPe1.html#30a188265f
Fender;American Standard;Fender Telecaster American Standard 2001 USA;4399;https://www.olx.pl/d/oferta/fender-telecaster-american-standard-2001-usa-CID751-IDLf0YE.html#30a188265f
Fender;American Standard;Fender American Standard Stratocaster 2015;5000;https://www.olx.pl/d/oferta/fender-american-standard-stratocaster-2015-CID751-IDLyPKV.html#30a188265f
Fender;American Standard;FENDER AMERICAN STANDARD JAZZ BASS leworęczny 2014 rok futerał;6299;https://www.olx.pl/d/oferta/fender-american-standard-jazz-bass-leworeczny-2014-rok-futeral-CID751-IDLe7rC.html#30a188265f
Fender;American Standard;2010 Fender Jazz Bass American Standard leworęczna (left-handed) case;4999;https://www.olx.pl/d/oferta/2010-fender-jazz-bass-american-standard-leworeczna-left-handed-case-CID751-IDLFwAg.html#30a188265f
Fender;American Standard;FENDER AMERICAN STANDARD Telecaster 2012 Texas Special futerał;5499;https://www.olx.pl/d/oferta/fender-american-standard-telecaster-2012-texas-special-futeral-CID751-IDLoLgc.html#1882931d6a
Fender;American Special;Fender American Special Stratocaster Satin Honey Burst;4500;https://www.olx.pl/d/oferta/fender-american-special-stratocaster-satin-honey-burst-CID751-IDLVO9J.html#1882931d6a
Fender;American Special;Fender American Special Stratocaster MN 2tsb;4300;https://www.olx.pl/d/oferta/fender-american-special-stratocaster-mn-2tsb-CID751-IDJn7yn.html#1882931d6a
Fender;Custom Shop;Fender Strat Custom Shop Ltd Edition_papiery_Ancho Poblano_28 tys zł!;16699;https://www.olx.pl/d/oferta/fender-strat-custom-shop-ltd-edition-papiery-ancho-poblano-28-tys-zl-CID751-IDLMpwe.html#bbe93cd435
Fender;Custom Shop;Fender Stratocaster 61 Custom Shop USA;14600;https://www.olx.pl/d/oferta/fender-stratocaster-61-custom-shop-usa-CID751-IDKIdeT.html#bbe93cd435
Fender;Custom Shop;Neckplate z logo Fender Custom Shop (blacha/płytka łączenia);50;https://www.olx.pl/d/oferta/neckplate-z-logo-fender-custom-shop-blacha-plytka-laczenia-CID751-IDJzbaG.html#bbe93cd435
Fender;Custom Shop;Fender Custom Shop Twisted Tele Bridge;289;https://www.olx.pl/d/oferta/fender-custom-shop-twisted-tele-bridge-CID751-IDKpk4e.html#bbe93cd435
Fender;Custom Shop;Przetworniki Fender Custom Shop Fat 60's Strat Pickups;700;https://www.olx.pl/d/oferta/przetworniki-fender-custom-shop-fat-60s-strat-pickups-CID751-IDM0fvt.html#bbe93cd435
Fender;Custom Shop;1996 Fender Custom Shop Set-Neck Stratocaster;19690;https://www.olx.pl/d/oferta/1996-fender-custom-shop-set-neck-stratocaster-CID751-IDLXUXQ.html#bbe93cd435
Fender;Custom Shop;Fender Custom Shop Deluxe 2011 na Emg Gilmoura;13500;https://www.olx.pl/d/oferta/fender-custom-shop-deluxe-2011-na-emg-gilmoura-CID751-IDLH0BJ.html#bbe93cd435
Fender;Custom Shop;SVL 61 Reserve (Fender Masterbuilt Custom Shop Kelton Swade TMG LSL);22500;https://www.olx.pl/d/oferta/svl-61-reserve-fender-masterbuilt-custom-shop-kelton-swade-tmg-lsl-CID751-IDLWQXn.html#bbe93cd435
Fender;Custom Shop;Kauffmann Telecaster 63-T_Nitro_Fender Custom Shop_32 kg!;6999;https://www.olx.pl/d/oferta/kauffmann-telecaster-63-t-nitro-fender-custom-shop-3-2-kg-CID751-IDLWCqM.html#bbe93cd435
Fender;Custom Shop;2014 Fender Custom Shop '50 Telecaster Dealer Select;15499;https://www.olx.pl/d/oferta/2014-fender-custom-shop-50-telecaster-dealer-select-CID751-IDKvIia.html#bbe93cd435
Fender;Custom Shop;TMG Dover 2013 Demo_Sliders_Australia_Fender Custom Shop killer;14999;https://www.olx.pl/d/oferta/tmg-dover-2013-demo-sliders-australia-fender-custom-shop-killer-CID751-IDHIKYv.html#bbe93cd435
Fender;Custom Shop;Fender Stratocaster 2007 Custom Shop Heavy Relic 1956 możliwa zamiana;16000;https://www.olx.pl/d/oferta/fender-stratocaster-2007-custom-shop-heavy-relic-1956-mozliwa-zamiana-CID751-IDITFTv.html#bbe93cd435
Fender;Custom Shop;Fender custom shop;17500;https://www.olx.pl/d/oferta/fender-custom-shop-CID751-IDLgtTS.html#bbe93cd435
Fender;Custom Shop;Fender USA Custom Shop &#039 56 Stratocaster Closet Classic;14800;https://www.olx.pl/d/oferta/fender-usa-custom-shop-03956-stratocaster-closet-classic-CID751-IDy1JCl.html#bbe93cd435
Fender;Custom Shop;Gitara Basowa Fender Jazz Bass Custom Shop 1960;13400;https://www.olx.pl/d/oferta/gitara-basowa-fender-jazz-bass-custom-shop-1960-CID751-IDLKFXT.html#bbe93cd435
Fender;Custom Shop;Gitara Basowa Fender Precision Bass Custom Shop Pino Palladino;17900;https://www.olx.pl/d/oferta/gitara-basowa-fender-precision-bass-custom-shop-pino-palladino-CID751-IDLKFko.html#bbe93cd435
Fender;Custom Shop;Gitara Basowa Fender Jazz Bass V Custom Shop;12900;https://www.olx.pl/d/oferta/gitara-basowa-fender-jazz-bass-v-custom-shop-CID751-IDLKEBy.html#bbe93cd435
Fender;Custom Shop;Gitara Harley Benton St-62 + Pre-wired Fender Custom Shop'69;1200;https://www.olx.pl/d/oferta/gitara-harley-benton-st-62-pre-wired-fender-custom-shop69-CID751-IDJY6AR.html#bbe93cd435
Fender;Custom Shop;2014 Fender Custom Shop '60 Esquire Relic;14490;https://www.olx.pl/d/oferta/2014-fender-custom-shop-60-esquire-relic-CID751-IDLHq0R.html#bbe93cd435
Fender;Custom Shop;1999 Fender Custom Shop 1951 Nocaster Blonde;15290;https://www.olx.pl/d/oferta/1999-fender-custom-shop-1951-nocaster-blonde-CID751-IDIdmuu.html#bbe93cd435
Fender;Custom Shop;SVL 61 Reserve (Fender Masterbuilt Custom Shop Kelton Swade TMG LSL);22500;https://www.olx.pl/d/oferta/svl-61-reserve-fender-masterbuilt-custom-shop-kelton-swade-tmg-lsl-CID751-IDLWQXn.html#e88395f1ad
Music Man;Luke;Music Man Luke 3 BFR;17000;https://www.olx.pl/d/oferta/music-man-luke-3-bfr-CID751-IDKE8C3.html#5205abb2cd
Music Man;Cutlass;Sterling by Music Man Cutlass CT 30 SSS FRD - nowość / gwarancja!;1699;https://www.olx.pl/d/oferta/sterling-by-music-man-cutlass-ct-30-sss-frd-nowosc-gwarancja-CID751-IDK11KA.html#79440b5792
Music Man;Cutlass;Sterling by Music Man Cutlass CT 50 HSS RGD - nowość/gwarancja!;3499;https://www.olx.pl/d/oferta/sterling-by-music-man-cutlass-ct-50-hss-rgd-nowosc-gwarancja-CID751-IDKmc4M.html#79440b5792
Music Man;Cutlass;Sterling by Music Man Cutlass CT 50 HSS FSV - nowość/gwarancja!;3499;https://www.olx.pl/d/oferta/sterling-by-music-man-cutlass-ct-50-hss-fsv-nowosc-gwarancja-CID751-IDLupFy.html#79440b5792
Music Man;Cutlass;Gitara Srerling Music Man Cutlass;1500;https://www.olx.pl/d/oferta/gitara-srerling-music-man-cutlass-CID751-IDLmJ88.html#79440b5792
Music Man;Cutlass;2018 Ernie Ball Music Man Cutlass HSS;9900;https://www.olx.pl/d/oferta/2018-ernie-ball-music-man-cutlass-hss-CID751-IDKbj8X.html#79440b5792
None;None;MusicMan Jason Richardson Cutlass7;15500;https://www.olx.pl/d/oferta/musicman-jason-richardson-cutlass7-CID751-IDK9zpN.html#79440b5792
Music Man;Cutlass;Music Man Jason Richardson Cutlass7;15999;https://www.olx.pl/d/oferta/music-man-jason-richardson-cutlass7-CID751-IDKnF2a.html#79440b5792
Music Man;Silhouette;Gitara elektryczna Music Man Silhouette 1990;4700;https://www.olx.pl/d/oferta/gitara-elektryczna-music-man-silhouette-1990-CID751-IDJB5op.html#c032e6cc50
Music Man;Silhouette;Music Man Silhouette SSS Hardtail Trans Red 1989;5199;https://www.olx.pl/d/oferta/music-man-silhouette-sss-hardtail-trans-red-1989-CID751-IDKKbdL.html#c032e6cc50
Gibson;Les Paul Standard;EPIPHONE Les Paul Standard 50s Vintage Sunburst INSPIRED BY GIBSON;1599;https://www.olx.pl/d/oferta/epiphone-les-paul-standard-50s-vintage-sunburst-inspired-by-gibson-CID751-IDKH77N.html#b8e4ca6732
Gibson;Les Paul Standard;Gitara Epiphone Les Paul Standard z przetwornikiem GIBSON 500T GIGBAG;1850;https://www.olx.pl/d/oferta/gitara-epiphone-les-paul-standard-z-przetwornikiem-gibson-500t-gigbag-CID751-IDM1YOA.html#b8e4ca6732
Gibson;Les Paul Standard;Burny Super Grade Les Paul Standard Japan (Gibson Orville Greco);3799;https://www.olx.pl/d/oferta/burny-super-grade-les-paul-standard-japan-gibson-orville-greco-CID751-IDM1a7j.html#b8e4ca6732
Gibson;Les Paul Standard;Gibson Les Paul Standard DC 1998 Amber;7999;https://www.olx.pl/d/oferta/gibson-les-paul-standard-dc-1998-amber-CID751-IDLYLQp.html#b8e4ca6732
Gibson;Les Paul Standard;Epiphone Les Paul Standard Plustop Honey Burst Gibson LP;1600;https://www.olx.pl/d/oferta/epiphone-les-paul-standard-plustop-honey-burst-gibson-lp-CID751-IDLpSAE.html#b8e4ca6732
Gibson;Les Paul Standard;Gibson Les Paul Standard 2015;8900;https://www.olx.pl/d/oferta/gibson-les-paul-standard-2015-CID751-IDLqoEp.html#b8e4ca6732
Gibson;Les Paul Standard;2014 Gibson Les Paul Standard Premium Quilt AAA Top;12500;https://www.olx.pl/d/oferta/2014-gibson-les-paul-standard-premium-quilt-aaa-top-CID751-IDLToER.html#b8e4ca6732
Gibson;Les Paul Standard;Gibson Les Paul Standard 1995 USA;11500;https://www.olx.pl/d/oferta/gibson-les-paul-standard-1995-usa-CID751-IDLAkbq.html#b8e4ca6732
Gibson;Les Paul Standard;Gibson Les Paul Standard 1995;9000;https://www.olx.pl/d/oferta/gibson-les-paul-standard-1995-CID751-IDLdTVB.html#b8e4ca6732
Fender;None;Gitara Ufnal Classic Tele typ Fender Suhr Grosh LsL telecaster próbki;6500;https://www.olx.pl/d/oferta/gitara-ufnal-classic-tele-typ-fender-suhr-grosh-lsl-telecaster-probki-CID751-IDL81pR.html#4a02bc3193
Suhr;Classic;Suhr custom classic;13500;https://www.olx.pl/d/oferta/suhr-custom-classic-CID751-IDM071W.html#4a02bc3193
Suhr;Classic;SUHR Classic S SSS MN VY gitara elektryczna Koszalin;13399;https://www.olx.pl/d/oferta/suhr-classic-s-sss-mn-vy-gitara-elektryczna-koszalin-CID751-IDDPxhH.html#4a02bc3193
Suhr;Classic;CUSTOM AUDIO AMPLIFIERS OD 100 Classic Plus (suhr)+ case;7000;https://www.olx.pl/d/oferta/custom-audio-amplifiers-od-100-classic-plus-suhr-case-CID751-IDKqi2r.html#4a02bc3193
Suhr;Classic;gitara SUHR Classic S Antique SSS MN OW USA;13499;https://www.olx.pl/d/oferta/gitara-suhr-classic-s-antique-sss-mn-ow-usa-CID751-IDJh3wn.html#4a02bc3193
Suhr;Modern;Suhr Modern Carve Top Set Neck - gitara elektryczna;13290;https://www.olx.pl/d/oferta/suhr-modern-carve-top-set-neck-gitara-elektryczna-CID751-IDGTPr7.html#c642048d83